,Unnamed: 0,id,date,tweet,label,fav
35,47,47,2/22/2016 22:14,b B C movie tax breaks under scrutiny,neg,0
435,447,447,2/22/2016 6:22,b officially destroys the weekend again and we re another day closer to,neg,3
34,46,46,2/22/2016 22:14,b RT B C movie tax breaks under scrutiny,neg,0
7,19,19,2/22/2016 23:32,b RT Deadpool Superhero Comic Cufflinks Nerd Geek xe2 x80 xa6,neg,0
562,574,574,2/22/2016 1:00,b RT Don t act like you re not impressed n n n n htt xe2 x80 xa6,neg,0
393,405,405,2/22/2016 8:50,b RT wasn t censored or cut so why enforce rules for concert in for people who aren t even go xe2 x80 xa6,neg,0
438,450,450,2/22/2016 6:03,b An exclusive breakdown edit of one of the fight scenes in the,nuetral,1
558,570,570,2/22/2016 1:08,b Checkout our hottest Deadpool T shirt Design,nuetral,1
298,310,310,2/22/2016 13:58,b DEADPOOL n xf0 x9f x92 x80 xf0 x9f x92 xa9L,nuetral,1
214,226,226,2/22/2016 16:09,b Guess what time it is New Episode Time,nuetral,1
573,585,585,2/22/2016 0:24,b Have you seen yet If so check out what our hosts thought,nuetral,0
308,320,320,2/22/2016 13:47,b Honestly fans WE ONLY NEED 1 700 signatures here,nuetral,11
108,120,120,2/22/2016 19:12,b How Is Filmed,nuetral,1
211,223,223,2/22/2016 16:13,b If was in the,nuetral,2
19,31,31,2/22/2016 23:05,b If you haven t yet listen to our Deadpool Review,nuetral,2
471,483,483,2/22/2016 4:11,b if you like the,nuetral,1
396,408,408,2/22/2016 8:35,b looking forward to Movie Mondays with at 3pm today Talking Film Festivals and much more,nuetral,0
256,268,268,2/22/2016 14:54,b Portrait Deadpool Ryan Reynolds,nuetral,1
577,589,589,2/22/2016 0:18,b Raff Deadpool mashup,nuetral,8
442,454,454,2/22/2016 5:34,b RT 3 Geeks Podcast Episode 23 Deadpool Spoiler Discussion http xe2 x80 xa6,nuetral,0
455,467,467,2/22/2016 4:26,b RT 3 Geeks Podcast Episode 23 Deadpool Spoiler Discussion http xe2 x80 xa6,nuetral,0
515,527,527,2/22/2016 3:43,b RT 3 Geeks Podcast Episode 23 Deadpool Spoiler Discussion http xe2 x80 xa6,nuetral,0
193,205,205,2/22/2016 16:37,b RT 5 Comics To Read After Watching the,nuetral,0
102,114,114,2/22/2016 19:22,b RT ALL easter eggs Spider Man amp Green Lantern references post credits xe2 x80 xa6,nuetral,0
117,129,129,2/22/2016 18:57,b RT ALL easter eggs Spider Man amp Green Lantern references post credits xe2 x80 xa6,nuetral,0
140,152,152,2/22/2016 17:42,b RT ALL easter eggs Spider Man amp Green Lantern references post credits xe2 x80 xa6,nuetral,0
179,191,191,2/22/2016 16:56,b RT ALL easter eggs Spider Man amp Green Lantern references post credits xe2 x80 xa6,nuetral,0
383,395,395,2/22/2016 9:28,b RT ALL easter eggs Spider Man amp Green Lantern references post credits xe2 x80 xa6,nuetral,0
523,535,535,2/22/2016 3:04,b RT ALL easter eggs Spider Man amp Green Lantern references post credits xe2 x80 xa6,nuetral,0
536,548,548,2/22/2016 2:21,b RT ALL easter eggs Spider Man amp Green Lantern references post credits xe2 x80 xa6,nuetral,0
547,559,559,2/22/2016 1:41,b RT ALL easter eggs Spider Man amp Green Lantern references post credits xe2 x80 xa6,nuetral,0
553,565,565,2/22/2016 1:26,b RT ALL easter eggs Spider Man amp Green Lantern references post credits xe2 x80 xa6,nuetral,0
567,579,579,2/22/2016 0:44,b RT ALL easter eggs Spider Man amp Green Lantern references post credits xe2 x80 xa6,nuetral,0
580,592,592,2/22/2016 0:08,b RT ALL easter eggs Spider Man amp Green Lantern references post credits xe2 x80 xa6,nuetral,0
436,448,448,2/22/2016 6:10,b RT An exclusive breakdown edit of one of the fight scenes in the,nuetral,0
26,38,38,2/22/2016 22:53,b RT author Get for free when it has a 5 99 value,nuetral,0
345,357,357,2/22/2016 11:47,b RT CeylonTea Did you know that Mr Deadpool LOVES Tea n,nuetral,0
324,336,336,2/22/2016 12:51,b RT concept by and Hope you liked https xe2 x80 xa6,nuetral,0
60,72,72,2/22/2016 20:32,b RT Deadpool 2016 Opening Scene,nuetral,0
65,77,77,2/22/2016 20:25,b RT Deadpool 2016 Opening Scene,nuetral,0
67,79,79,2/22/2016 20:23,b RT Deadpool 2016 Opening Scene,nuetral,0
68,80,80,2/22/2016 20:20,b RT Deadpool 2016 Opening Scene,nuetral,0
69,81,81,2/22/2016 20:16,b RT Deadpool 2016 Opening Scene,nuetral,0
71,83,83,2/22/2016 20:05,b RT Deadpool 2016 Opening Scene,nuetral,0
73,85,85,2/22/2016 20:03,b RT Deadpool 2016 Opening Scene,nuetral,0
74,86,86,2/22/2016 20:00,b RT Deadpool 2016 Opening Scene,nuetral,0
75,87,87,2/22/2016 19:58,b RT Deadpool 2016 Opening Scene,nuetral,0
76,88,88,2/22/2016 19:54,b RT Deadpool 2016 Opening Scene,nuetral,0
77,89,89,2/22/2016 19:52,b RT Deadpool 2016 Opening Scene,nuetral,0
78,90,90,2/22/2016 19:52,b RT Deadpool 2016 Opening Scene,nuetral,0
80,92,92,2/22/2016 19:51,b RT Deadpool 2016 Opening Scene,nuetral,0
85,97,97,2/22/2016 19:48,b RT Deadpool 2016 Opening Scene,nuetral,0
86,98,98,2/22/2016 19:47,b RT Deadpool 2016 Opening Scene,nuetral,0
90,102,102,2/22/2016 19:32,b RT Deadpool 2016 Opening Scene,nuetral,0
92,104,104,2/22/2016 19:31,b RT Deadpool 2016 Opening Scene,nuetral,0
97,109,109,2/22/2016 19:26,b RT Deadpool 2016 Opening Scene,nuetral,0
100,112,112,2/22/2016 19:23,b RT Deadpool 2016 Opening Scene,nuetral,0
103,115,115,2/22/2016 19:21,b RT Deadpool 2016 Opening Scene,nuetral,0
104,116,116,2/22/2016 19:19,b RT Deadpool 2016 Opening Scene,nuetral,0
105,117,117,2/22/2016 19:18,b RT Deadpool 2016 Opening Scene,nuetral,0
107,119,119,2/22/2016 19:13,b RT Deadpool 2016 Opening Scene,nuetral,0
109,121,121,2/22/2016 19:11,b RT Deadpool 2016 Opening Scene,nuetral,0
110,122,122,2/22/2016 19:11,b RT Deadpool 2016 Opening Scene,nuetral,0
111,123,123,2/22/2016 19:09,b RT Deadpool 2016 Opening Scene,nuetral,0
112,124,124,2/22/2016 19:08,b RT Deadpool 2016 Opening Scene,nuetral,0
113,125,125,2/22/2016 19:00,b RT Deadpool 2016 Opening Scene,nuetral,0
115,127,127,2/22/2016 18:59,b RT Deadpool 2016 Opening Scene,nuetral,0
120,132,132,2/22/2016 18:47,b RT Deadpool 2016 Opening Scene,nuetral,0
395,407,407,2/22/2016 8:35,b RT Deadpool 2016 Opening Scene,nuetral,0
397,409,409,2/22/2016 8:35,b RT Deadpool 2016 Opening Scene,nuetral,0
398,410,410,2/22/2016 8:34,b RT Deadpool 2016 Opening Scene,nuetral,0
399,411,411,2/22/2016 8:32,b RT Deadpool 2016 Opening Scene,nuetral,0
403,415,415,2/22/2016 8:06,b RT Deadpool 2016 Opening Scene,nuetral,0
406,418,418,2/22/2016 7:56,b RT Deadpool 2016 Opening Scene,nuetral,0
408,420,420,2/22/2016 7:49,b RT Deadpool 2016 Opening Scene,nuetral,0
409,421,421,2/22/2016 7:46,b RT Deadpool 2016 Opening Scene,nuetral,0
412,424,424,2/22/2016 7:41,b RT Deadpool 2016 Opening Scene,nuetral,0
413,425,425,2/22/2016 7:38,b RT Deadpool 2016 Opening Scene,nuetral,0
415,427,427,2/22/2016 7:36,b RT Deadpool 2016 Opening Scene,nuetral,0
427,439,439,2/22/2016 6:58,b RT Deadpool 2016 Opening Scene,nuetral,0
428,440,440,2/22/2016 6:58,b RT Deadpool 2016 Opening Scene,nuetral,0
432,444,444,2/22/2016 6:44,b RT Deadpool 2016 Opening Scene,nuetral,0
164,176,176,2/22/2016 17:09,b RT Deadpool is already available for pre order at Amazon AND it s 43 off Done xe2 x80 xa6,nuetral,0
166,178,178,2/22/2016 17:08,b RT Deadpool is already available for pre order at Amazon AND it s 43 off Done xe2 x80 xa6,nuetral,0
167,179,179,2/22/2016 17:08,b RT Deadpool is already available for pre order at Amazon AND it s 43 off Done xe2 x80 xa6,nuetral,0
176,188,188,2/22/2016 17:03,b RT Deadpool is already available for pre order at Amazon AND it s 43 off Done xe2 x80 xa6,nuetral,0
114,126,126,2/22/2016 18:59,b RT DEADPOOL T SHIRT,nuetral,0
235,247,247,2/22/2016 15:25,b RT Good morning nerds Theres a new episode up of for you Remember to like review and share xe2 x80 xa6,nuetral,0
212,224,224,2/22/2016 16:12,b RT Guess what time it is New Episode Time,nuetral,0
135,147,147,2/22/2016 17:59,b RT Have you seen yet If so check out what our hosts thought,nuetral,0
466,478,478,2/22/2016 4:16,b RT Have you seen yet If so check out what our hosts thought,nuetral,0
524,536,536,2/22/2016 2:51,b RT Have you seen yet If so check out what our hosts thought,nuetral,0
525,537,537,2/22/2016 2:49,b RT Have you seen yet If so check out what our hosts thought,nuetral,0
538,550,550,2/22/2016 2:07,b RT Have you seen yet If so check out what our hosts thought,nuetral,0
572,584,584,2/22/2016 0:24,b RT Have you seen yet If so check out what our hosts thought,nuetral,0
66,78,78,2/22/2016 20:24,b RT Hi I looked well Amazing hahahah and you are a good actor xf0 x9f x98 x89 xf0 x9f x92 x99 xf0 x9f x92 x99 xf0 x9f x92 x99,nuetral,0
306,318,318,2/22/2016 13:48,b RT Honestly fans WE ONLY NEED 1 700 signatures here htt xe2 x80 xa6,nuetral,0
101,113,113,2/22/2016 19:23,b RT How Is Filmed,nuetral,0
106,118,118,2/22/2016 19:15,b RT How Is Filmed,nuetral,0
178,190,190,2/22/2016 17:01,b RT If was in the,nuetral,0
198,210,210,2/22/2016 16:30,b RT If was in the,nuetral,0
205,217,217,2/22/2016 16:16,b RT If was in the,nuetral,0
206,218,218,2/22/2016 16:15,b RT If was in the,nuetral,0
207,219,219,2/22/2016 16:15,b RT If was in the,nuetral,0
208,220,220,2/22/2016 16:14,b RT If was in the,nuetral,0
209,221,221,2/22/2016 16:14,b RT If was in the,nuetral,0
210,222,222,2/22/2016 16:13,b RT If was in the,nuetral,0
555,567,567,2/22/2016 1:24,b RT Join us live at 9 tonight as we discuss Deadpool amp much more,nuetral,0
551,563,563,2/22/2016 1:31,b RT NEW Video Review,nuetral,0
54,66,66,2/22/2016 20:52,b RT Omg I m sorry and I m so confuse is sexist if I hit you or is sexist if I don t hit you the line is pretty blur n xe2 x80 xa6,nuetral,0
55,67,67,2/22/2016 20:50,b RT Omg I m sorry and I m so confuse is sexist if I hit you or is sexist if I don t hit you the line is pretty blur n xe2 x80 xa6,nuetral,0
89,101,101,2/22/2016 19:41,b RT Portrait Deadpool Ryan Reynolds ht xe2 x80 xa6,nuetral,0
457,469,469,2/22/2016 4:23,b RT Raff Deadpool mashup http xe2 x80 xa6,nuetral,0
460,472,472,2/22/2016 4:22,b RT Raff Deadpool mashup http xe2 x80 xa6,nuetral,0
575,587,587,2/22/2016 0:20,b RT Raff Deadpool mashup http xe2 x80 xa6,nuetral,0
576,588,588,2/22/2016 0:18,b RT Raff Deadpool mashup http xe2 x80 xa6,nuetral,0
431,443,443,2/22/2016 6:51,b RT Realm Checkout our hottest Deadpool T shirt Design,nuetral,0
528,540,540,2/22/2016 2:38,b RT Seen the How would you describe it in one word Go,nuetral,0
27,39,39,2/22/2016 22:51,b RT Snow spoilers https xe2 x80 xa6,nuetral,0
57,69,69,2/22/2016 20:47,b RT Snow spoilers https xe2 x80 xa6,nuetral,0
59,71,71,2/22/2016 20:40,b RT Snow spoilers https xe2 x80 xa6,nuetral,0
61,73,73,2/22/2016 20:32,b RT Snow spoilers https xe2 x80 xa6,nuetral,0
70,82,82,2/22/2016 20:09,b RT Snow spoilers https xe2 x80 xa6,nuetral,0
79,91,91,2/22/2016 19:52,b RT Snow spoilers https xe2 x80 xa6,nuetral,0
81,93,93,2/22/2016 19:50,b RT Snow spoilers https xe2 x80 xa6,nuetral,0
122,134,134,2/22/2016 18:45,b RT Take your Kids to see I saw The Woods Blade amp watch the Simpsons South Park when I was a kid,nuetral,0
312,324,324,2/22/2016 13:37,b RT Tex Chimichanga Motherfuckers Deadpool Rese xc3 xb1a Update Fixed https xe2 x80 xa6,nuetral,0
313,325,325,2/22/2016 13:35,b RT Tex Chimichanga Motherfuckers Deadpool Rese xc3 xb1a Update Fixed https xe2 x80 xa6,nuetral,0
20,32,32,2/22/2016 23:04,b RT The came today This is the stuff we to fans xf0 x9f x98 x9b https xe2 x80 xa6,nuetral,0
1,13,13,2/22/2016 23:56,b RT The PG version of,nuetral,0
18,30,30,2/22/2016 23:05,b RT The PG version of,nuetral,0
32,44,44,2/22/2016 22:27,b RT The PG version of,nuetral,0
37,49,49,2/22/2016 21:47,b RT The PG version of,nuetral,0
41,53,53,2/22/2016 21:33,b RT The PG version of,nuetral,0
43,55,55,2/22/2016 21:28,b RT The PG version of,nuetral,0
45,57,57,2/22/2016 21:24,b RT The PG version of,nuetral,0
46,58,58,2/22/2016 21:19,b RT The PG version of,nuetral,0
48,60,60,2/22/2016 21:09,b RT The PG version of,nuetral,0
49,61,61,2/22/2016 21:09,b RT The PG version of,nuetral,0
583,595,595,2/22/2016 0:04,b RT This week we talk about the future of R rated movies and retirement from the ring xe2 x80 xa6,nuetral,0
350,362,362,2/22/2016 11:28,b RT To all parents who want to see Deadpool movie with their kids n n,nuetral,0
2,14,14,2/22/2016 23:51,b RT To be fair Colossus did try to get him to keep it PG around Negasonic Teenage Warhead,nuetral,0
95,107,107,2/22/2016 19:28,b RT To be fair Colossus did try to get him to keep it PG around Negasonic Teenage Warhead,nuetral,0
297,309,309,2/22/2016 13:59,b RT To be fair Colossus did try to get him to keep it PG around Negasonic Teenage Warhead,nuetral,0
317,329,329,2/22/2016 13:25,b RT To be fair Colossus did try to get him to keep it PG around Negasonic Teenage Warhead,nuetral,0
344,356,356,2/22/2016 11:50,b RT To be fair Colossus did try to get him to keep it PG around Negasonic Teenage Warhead,nuetral,0
357,369,369,2/22/2016 10:57,b RT To be fair Colossus did try to get him to keep it PG around Negasonic Teenage Warhead,nuetral,0
363,375,375,2/22/2016 10:38,b RT To be fair Colossus did try to get him to keep it PG around Negasonic Teenage Warhead,nuetral,0
379,391,391,2/22/2016 9:43,b RT To be fair Colossus did try to get him to keep it PG around Negasonic Teenage Warhead,nuetral,0
381,393,393,2/22/2016 9:33,b RT To be fair Colossus did try to get him to keep it PG around Negasonic Teenage Warhead,nuetral,0
402,414,414,2/22/2016 8:10,b RT To be fair Colossus did try to get him to keep it PG around Negasonic Teenage Warhead,nuetral,0
418,430,430,2/22/2016 7:31,b RT To be fair Colossus did try to get him to keep it PG around Negasonic Teenage Warhead,nuetral,0
419,431,431,2/22/2016 7:31,b RT To be fair Colossus did try to get him to keep it PG around Negasonic Teenage Warhead,nuetral,0
423,435,435,2/22/2016 7:14,b RT To be fair Colossus did try to get him to keep it PG around Negasonic Teenage Warhead,nuetral,0
424,436,436,2/22/2016 7:08,b RT To be fair Colossus did try to get him to keep it PG around Negasonic Teenage Warhead,nuetral,0
439,451,451,2/22/2016 5:55,b RT To be fair Colossus did try to get him to keep it PG around Negasonic Teenage Warhead,nuetral,0
440,452,452,2/22/2016 5:49,b RT To be fair Colossus did try to get him to keep it PG around Negasonic Teenage Warhead,nuetral,0
441,453,453,2/22/2016 5:34,b RT To be fair Colossus did try to get him to keep it PG around Negasonic Teenage Warhead,nuetral,0
444,456,456,2/22/2016 5:27,b RT To be fair Colossus did try to get him to keep it PG around Negasonic Teenage Warhead,nuetral,0
449,461,461,2/22/2016 4:54,b RT To be fair Colossus did try to get him to keep it PG around Negasonic Teenage Warhead,nuetral,0
450,462,462,2/22/2016 4:50,b RT To be fair Colossus did try to get him to keep it PG around Negasonic Teenage Warhead,nuetral,0
451,463,463,2/22/2016 4:48,b RT To be fair Colossus did try to get him to keep it PG around Negasonic Teenage Warhead,nuetral,0
454,466,466,2/22/2016 4:31,b RT To be fair Colossus did try to get him to keep it PG around Negasonic Teenage Warhead,nuetral,0
456,468,468,2/22/2016 4:25,b RT To be fair Colossus did try to get him to keep it PG around Negasonic Teenage Warhead,nuetral,0
459,471,471,2/22/2016 4:22,b RT To be fair Colossus did try to get him to keep it PG around Negasonic Teenage Warhead,nuetral,0
463,475,475,2/22/2016 4:18,b RT To be fair Colossus did try to get him to keep it PG around Negasonic Teenage Warhead,nuetral,0
465,477,477,2/22/2016 4:16,b RT To be fair Colossus did try to get him to keep it PG around Negasonic Teenage Warhead,nuetral,0
468,480,480,2/22/2016 4:12,b RT To be fair Colossus did try to get him to keep it PG around Negasonic Teenage Warhead,nuetral,0
470,482,482,2/22/2016 4:11,b RT To be fair Colossus did try to get him to keep it PG around Negasonic Teenage Warhead,nuetral,0
472,484,484,2/22/2016 4:10,b RT To be fair Colossus did try to get him to keep it PG around Negasonic Teenage Warhead,nuetral,0
473,485,485,2/22/2016 4:06,b RT To be fair Colossus did try to get him to keep it PG around Negasonic Teenage Warhead,nuetral,0
474,486,486,2/22/2016 4:04,b RT To be fair Colossus did try to get him to keep it PG around Negasonic Teenage Warhead,nuetral,0
475,487,487,2/22/2016 4:02,b RT To be fair Colossus did try to get him to keep it PG around Negasonic Teenage Warhead,nuetral,0
476,488,488,2/22/2016 4:01,b RT To be fair Colossus did try to get him to keep it PG around Negasonic Teenage Warhead,nuetral,0
477,489,489,2/22/2016 3:58,b RT To be fair Colossus did try to get him to keep it PG around Negasonic Teenage Warhead,nuetral,0
479,491,491,2/22/2016 3:58,b RT To be fair Colossus did try to get him to keep it PG around Negasonic Teenage Warhead,nuetral,0
481,493,493,2/22/2016 3:58,b RT To be fair Colossus did try to get him to keep it PG around Negasonic Teenage Warhead,nuetral,0
482,494,494,2/22/2016 3:54,b RT To be fair Colossus did try to get him to keep it PG around Negasonic Teenage Warhead,nuetral,0
483,495,495,2/22/2016 3:54,b RT To be fair Colossus did try to get him to keep it PG around Negasonic Teenage Warhead,nuetral,0
484,496,496,2/22/2016 3:54,b RT To be fair Colossus did try to get him to keep it PG around Negasonic Teenage Warhead,nuetral,0
485,497,497,2/22/2016 3:54,b RT To be fair Colossus did try to get him to keep it PG around Negasonic Teenage Warhead,nuetral,0
486,498,498,2/22/2016 3:52,b RT To be fair Colossus did try to get him to keep it PG around Negasonic Teenage Warhead,nuetral,0
487,499,499,2/22/2016 3:52,b RT To be fair Colossus did try to get him to keep it PG around Negasonic Teenage Warhead,nuetral,0
488,500,500,2/22/2016 3:51,b RT To be fair Colossus did try to get him to keep it PG around Negasonic Teenage Warhead,nuetral,0
489,501,501,2/22/2016 3:51,b RT To be fair Colossus did try to get him to keep it PG around Negasonic Teenage Warhead,nuetral,0
490,502,502,2/22/2016 3:50,b RT To be fair Colossus did try to get him to keep it PG around Negasonic Teenage Warhead,nuetral,0
491,503,503,2/22/2016 3:50,b RT To be fair Colossus did try to get him to keep it PG around Negasonic Teenage Warhead,nuetral,0
53,65,65,2/22/2016 21:02,b RT W how you know that she s here nW because i m constantly stalking her fucks n,nuetral,0
157,169,169,2/22/2016 17:15,b RT w stunt doubles AngelDust amp Negasonic,nuetral,0
96,108,108,2/22/2016 19:26,b RT week for us check out this PS4 custom controller n n htt xe2 x80 xa6,nuetral,0
142,154,154,2/22/2016 17:38,b RT week for us check out this PS4 custom controller n n htt xe2 x80 xa6,nuetral,0
150,162,162,2/22/2016 17:32,b RT week for us check out this PS4 custom controller n n htt xe2 x80 xa6,nuetral,0
0,12,12,2/23/2016 0:00,b RT what do you think,nuetral,0
550,562,562,2/22/2016 1:31,b RT Workin on my Review,nuetral,0
279,291,291,2/22/2016 14:11,b RT Writers Don t Want A Bigger Budget For The Sequel,nuetral,0
123,135,135,2/22/2016 18:44,b RT xf0 x9f x98 x82 If you ve seen you ll get this,nuetral,0
286,298,298,2/22/2016 14:09,b Watch Junkie XL Talks Making The Soundtrack,nuetral,3
262,274,274,2/22/2016 14:44,b we re not alone,nuetral,1
219,231,231,2/22/2016 16:02,b week for us check out this PS4 custom controller n n,nuetral,22
301,313,313,2/22/2016 13:57,b What s my name xf0 x9f x98 x82,nuetral,5
556,568,568,2/22/2016 1:23,b 20 Facts About That Will Make You Look Like an Expert n n,pos,1
517,529,529,2/22/2016 3:43,b 3 Geeks Podcast Episode 23 Deadpool Spoiler Discussion,pos,4
394,406,406,2/22/2016 8:41,b A possible,pos,1
152,164,164,2/22/2016 17:29,b after a nice family movie called Perfect n,pos,5
535,547,547,2/22/2016 2:28,b and Lets do another movie,pos,4
561,573,573,2/22/2016 1:02,b Anyone else just shudder when they see New Day after seeing n,pos,2
480,492,492,2/22/2016 3:58,b Anyone see yet,pos,6
171,183,183,2/22/2016 17:06,b are ready,pos,3
127,139,139,2/22/2016 18:34,b Aw yeah,pos,17
540,552,552,2/22/2016 2:02,b Awesome weekend with good food and a dope movie s,pos,1
404,416,416,2/22/2016 8:05,b Check out my review RT BlogRT,pos,1
328,340,340,2/22/2016 12:48,b Chimichanga Motherfuckers Deadpool Rese xc3 xb1a Update Fixed,pos,1
534,546,546,2/22/2016 2:31,b COOOOOOL best film this year so far xf0 x9f x92 x80 xf0 x9f x92 xa9L,pos,2
559,571,571,2/22/2016 1:07,b Deadpool Closes In On 500 Million n n n,pos,15
542,554,554,2/22/2016 2:00,b Deadpool dominates again with 55 million in 2nd week,pos,1
177,189,189,2/22/2016 17:03,b Deadpool is already available for pre order at Amazon AND it s 43 off Done,pos,3
189,201,201,2/22/2016 16:40,b Deadpool is the President we all want but Trump s the President we deserve Bring on the Zombie Apocalypse,pos,2
434,446,446,2/22/2016 6:27,b Deadpool Remains No 1 at the Box Office for Second Weekend,pos,2
335,347,347,2/22/2016 12:25,b Deadpool Review Enjoy n n,pos,1
116,128,128,2/22/2016 18:58,b DEADPOOL T SHIRT,pos,1
72,84,84,2/22/2016 20:04,b Debating if I should watch again n nHahaha There was no debate silly It s on like Donkey Kong dot com,pos,4
414,426,426,2/22/2016 7:37,b Did anyone wear a top to go see the Got my awesome mashup tee from xf0 x9f x92 x80 xf0 x9f x92 xa9,pos,24
6,18,18,2/22/2016 23:32,b Eyes as read as Deadpool himself,pos,2
25,37,37,2/22/2016 22:57,b featured the best single shot in a movie since the Matrix amp was a helluva lot funnier,pos,3
28,40,40,2/22/2016 22:47,b Finally completed Actually enjoyed it more than,pos,1
237,249,249,2/22/2016 15:22,b Good morning nerds Theres a new episode up of for you Remember to like review and share,pos,2
245,257,257,2/22/2016 15:13,b Hi I looked well Amazing hahahah and you are a good actor xf0 x9f x98 x89 xf0 x9f x92 x99 xf0 x9f x92 x99 xf0 x9f x92 x99,pos,1
268,280,280,2/22/2016 14:40,b How Deadpool The Movie Executed Digital Marketing to Perfection,pos,0
545,557,557,2/22/2016 1:50,b I feel like I m going to hell for laughing at 99 of the jokes in but it was so good I don t even care,pos,9
320,332,332,2/22/2016 13:14,b I ll tell you why you should go see in my entertainment update next on,pos,0
422,434,434,2/22/2016 7:16,b I only have 12 bullets left so you guys are gonna have to share let s count em down,pos,8
343,355,355,2/22/2016 12:03,b I ve just seen and its a fuckin n n I could not stop laughing XD,pos,1
341,353,353,2/22/2016 12:14,b ICYMI my review of,pos,3
93,105,105,2/22/2016 19:30,b If you haven t seen Deadpool yet then go fucking watch it Seriously it s awesome as hell,pos,0
274,286,286,2/22/2016 14:20,b is just superb must have been a riot writing this script take on,pos,19
410,422,422,2/22/2016 7:45,b is shameless and f ucking fantastic Look I m a teenage girl I d rather be anywhere other than here,pos,2
47,59,59,2/22/2016 21:14,b is the best of all time n n xe2 x80 xa6,pos,1
571,583,583,2/22/2016 0:26,b Join us live at 9 tonight as we discuss Deadpool amp much more,pos,0
584,596,596,2/22/2016 0:04,b Just watched and loved it Can t wait for sequel,pos,0
574,586,586,2/22/2016 0:22,b man i have a lot of catching up to do here s something for today celebrating the release of,pos,6
129,141,141,2/22/2016 18:27,b Mmm I m so touching myself tonight,pos,3
88,100,100,2/22/2016 19:45,b nHappy Monday,pos,2
362,374,374,2/22/2016 10:42,b Off to see again xxx,pos,23
346,358,358,2/22/2016 11:46,b Oh and did I not mention that the was awesome xf0 x9f x91 x8a xf0 x9f x98 xa9,pos,2
56,68,68,2/22/2016 20:47,b Omg I m sorry and I m so confuse is sexist if I hit you or is sexist if I don t hit you the line is pretty blur n,pos,0
23,35,35,2/22/2016 23:00,b One more thing about I liked and think other mask wearing heroes like should emulate Animations around the eyes,pos,3
520,532,532,2/22/2016 3:08,b One of the best superhero movie today,pos,0
253,265,265,2/22/2016 15:02,b Popcorn time film expert David 3 3 45pm,pos,3
527,539,539,2/22/2016 2:44,b Productive class adding to my Spider man vs Deadpool copy n xe2 x80 xa6,pos,1
386,398,398,2/22/2016 9:25,b RT 2 2 even more important Hollywood not every comic movie needs to imitate get the character and story right a xe2 x80 xa6,pos,0
554,566,566,2/22/2016 1:25,b RT 20 Facts About That Will Make You Look Like an Expert n n,pos,0
366,378,378,2/22/2016 10:18,b RT A possible,pos,0
151,163,163,2/22/2016 17:31,b RT after a nice family movie called Perfect n,pos,0
229,241,241,2/22/2016 15:37,b RT aka Blind Al is LEGENDARY 1st Black woman to have a variety show https xe2 x80 xa6,pos,0
33,45,45,2/22/2016 22:19,b RT ALL easter eggs Spider Man amp Green Lantern references post credits xe2 x80 xa6,pos,0
531,543,543,2/22/2016 2:34,b RT and Lets do another movie htt xe2 x80 xa6,pos,0
532,544,544,2/22/2016 2:32,b RT and Lets do another movie htt xe2 x80 xa6,pos,0
533,545,545,2/22/2016 2:31,b RT and Lets do another movie htt xe2 x80 xa6,pos,0
560,572,572,2/22/2016 1:06,b RT Anyone else just shudder when they see New Day after seeing n,pos,0
467,479,479,2/22/2016 4:14,b RT Anyone see yet,pos,0
170,182,182,2/22/2016 17:07,b RT are ready,pos,0
126,138,138,2/22/2016 18:35,b RT Aw yeah,pos,0
453,465,465,2/22/2016 4:35,b RT Awesome xf0 x9f x91 x8d xf0 x9f x8f xbb,pos,0
5,17,17,2/22/2016 23:33,b RT Beanstalk Eyes as read as Deadpool himself xe2 x80 xa6,pos,0
372,384,384,2/22/2016 10:02,b RT Can t get enough of the Read the original comic on Scribd,pos,0
565,577,577,2/22/2016 0:50,b RT Captain xf0 x9f x92 x80 xf0 x9f x92 xa9L nI m touching myself tonight,pos,0
251,263,263,2/22/2016 15:02,b RT Check out Deadpool movie review,pos,0
400,412,412,2/22/2016 8:24,b RT Check out my review RT BlogRT xe2 x80 xa6,pos,0
581,593,593,2/22/2016 0:06,b RT Check out our newest ep all about and Highest Grossing R Rated Flicks xe2 x80 xa6,pos,0
530,542,542,2/22/2016 2:36,b RT COOOOOOL best film this year so far xf0 x9f x92 x80 xf0 x9f x92 xa9L,pos,0
255,267,267,2/22/2016 14:58,b RT dajanter playing with himself caught on camera,pos,0
180,192,192,2/22/2016 16:56,b RT Deadpool Closes In On 500 Million n n n,pos,0
541,553,553,2/22/2016 2:00,b RT Deadpool dominates again with 55 million in 2nd week,pos,0
42,54,54,2/22/2016 21:29,b RT Deadpool is bloody hilarious Great laugh You must watch it for bants,pos,0
154,166,166,2/22/2016 17:22,b RT Deadpool is the President we all want but Trump s the President we deserve Bring on the Zombie Apocalypse xe2 x80 xa6,pos,0
425,437,437,2/22/2016 7:05,b RT Deadpool Remains No 1 at the Box Office for Second Weekend,pos,0
333,345,345,2/22/2016 12:26,b RT Deadpool Review Enjoy n n,pos,0
36,48,48,2/22/2016 22:02,b RT Debating if I should watch again n nHahaha There was no debate silly It s on like Donkey Kong dot com htt xe2 x80 xa6,pos,0
401,413,413,2/22/2016 8:21,b RT Did anyone wear a top to go see the Got my awesome mashup tee from xf0 x9f x92 x80 xf0 x9f x92 xa9 htt xe2 x80 xa6,pos,0
452,464,464,2/22/2016 4:44,b RT Don t act like you re not impressed n n n n htt xe2 x80 xa6,pos,0
539,551,551,2/22/2016 2:05,b RT exe616 Awesome weekend with good food and a dope movie s,pos,0
15,27,27,2/22/2016 23:10,b RT Finally completed Actually enjoyed it more than xe2 x80 xa6,pos,0
244,256,256,2/22/2016 15:14,b RT Great job,pos,0
259,271,271,2/22/2016 14:45,b RT Happy Valentine xe2 x80 x99s Day nSit on this DEADPOOL XD n,pos,0
353,365,365,2/22/2016 11:14,b RT Hayley B Off to see again xxx,pos,0
227,239,239,2/22/2016 15:43,b RT Hi I looked well Amazing hahahah and you are a good actor xf0 x9f x98 x89 xf0 x9f x92 x99 xf0 x9f x92 x99 xf0 x9f x92 x99,pos,0
267,279,279,2/22/2016 14:41,b RT How Deadpool The Movie Executed Digital Marketing to Perfection xe2 x80 xa6,pos,0
223,235,235,2/22/2016 15:49,b RT I live but gotta disagree with the 7 4 for It s gotta be at least,pos,0
319,331,331,2/22/2016 13:14,b RT I ll tell you why you should go see in my entertainment update next on,pos,0
8,20,20,2/22/2016 23:31,b RT I model as from Photo Blue Line Efex,pos,0
355,367,367,2/22/2016 11:02,b RT I only have 12 bullets left so you guys are gonna have to share let s count em down,pos,0
334,346,346,2/22/2016 12:25,b RT ICYMI my review of,pos,0
91,103,103,2/22/2016 19:31,b RT If you haven t seen Deadpool yet then go fucking watch it Seriously it s awesome as hell,pos,0
16,28,28,2/22/2016 23:06,b RT If you haven t yet listen to our Deadpool Review,pos,0
24,36,36,2/22/2016 22:58,b RT in Mind featured the best single shot in a movie since the Matrix amp was a helluva lot funnier,pos,0
321,333,333,2/22/2016 13:12,b RT is just another way 2 break the 4th wall n xe2 x80 xa6,pos,0
31,43,43,2/22/2016 22:30,b RT is just superb must have been a riot writing this script take on,pos,0
407,419,419,2/22/2016 7:53,b RT is shameless and f ucking fantastic Look I m a teenage girl I d rather be anywhere oth xe2 x80 xa6,pos,0
38,50,50,2/22/2016 21:42,b RT is the best of all time n n xe2 x80 xa6 htt xe2 x80 xa6,pos,0
40,52,52,2/22/2016 21:38,b RT It s everything we dreamed and more review is live,pos,0
526,538,538,2/22/2016 2:47,b RT Just watched and loved it Can t wait for sequel,pos,0
373,385,385,2/22/2016 10:01,b RT Just watched nScrew what the critics say it s a movie if you need a laugh,pos,0
430,442,442,2/22/2016 6:51,b RT LLRocha Everyone needs 2 stop what they re doing amp go see Humor xf0 x9f x98 x82 action xe2 x9a x94 amp even xe2 x9d xa4 xef xb8 x8f is the hero we ve xe2 x80 xa6,pos,0
382,394,394,2/22/2016 9:30,b RT looking forward to Movie Mondays with at 3pm today Talking Film Festivals and m xe2 x80 xa6,pos,0
522,534,534,2/22/2016 3:06,b RT man i have a lot of catching up to do here s something for today celebrating the release of,pos,0
569,581,581,2/22/2016 0:30,b RT Marvel actors praising,pos,0
426,438,438,2/22/2016 6:59,b RT movie vers suit,pos,0
83,95,95,2/22/2016 19:49,b RT nHappy Monday,pos,0
250,262,262,2/22/2016 15:02,b RT officially destroys the weekend again and we re another day closer to,pos,0
332,344,344,2/22/2016 12:28,b RT Oh and did I not mention that the was awesome xf0 x9f x91 x8a xf0 x9f x98 xa9,pos,0
271,283,283,2/22/2016 14:28,b RT olivia DEADPOOL n xf0 x9f x92 x80 xf0 x9f x92 xa9L,pos,0
228,240,240,2/22/2016 15:39,b RT OMG It s,pos,0
22,34,34,2/22/2016 23:03,b RT One more thing about I liked and think other mask wearing heroes like should emulate Animation xe2 x80 xa6,pos,0
443,455,455,2/22/2016 5:29,b RT One of the best superhero movie today,pos,0
197,209,209,2/22/2016 16:32,b RT out about amp the plus amp what is it with Chalupadias h xe2 x80 xa6,pos,0
543,555,555,2/22/2016 1:57,b RT page I feel like I m going to hell for laughing at 99 of the jokes in but it was so good I don t even care,pos,0
340,352,352,2/22/2016 12:15,b RT Petition launched to demand a Deadpool statue in Regina xe2 x80 xa6,pos,0
239,251,251,2/22/2016 15:18,b RT Popcorn time film expert David 3 3 45pm,pos,0
118,130,130,2/22/2016 18:55,b RT Rated R works,pos,0
331,343,343,2/22/2016 12:34,b RT RED I ve just seen and its a fuckin n n I could not stop laughing XD https xe2 x80 xa6,pos,0
3,15,15,2/22/2016 23:47,b RT Snow The movie s probably gonna make a lot of money xe2 x80 xa6,pos,0
44,56,56,2/22/2016 21:27,b RT So I ve seen 3 times Its just as funny as it was the first time Definitely one of the best comic movies,pos,0
448,460,460,2/22/2016 4:57,b RT So n n5 out of 5 chimichangas n nNow hit the sappy 70s music n n,pos,0
563,575,575,2/22/2016 0:59,b RT Speaking of the highest grossing double entendre intended movie h xe2 x80 xa6,pos,0
564,576,576,2/22/2016 0:59,b RT Speaking of the highest grossing double entendre intended movie h xe2 x80 xa6,pos,0
172,184,184,2/22/2016 17:06,b RT SpeedArt Dead Pool hope you like n n,pos,0
420,432,432,2/22/2016 7:20,b RT steer if you like the,pos,0
136,148,148,2/22/2016 17:56,b RT Streaming later but first a date with deadpool,pos,0
234,246,246,2/22/2016 15:28,b RT Studios because amp guns,pos,0
183,195,195,2/22/2016 16:52,b RT Takes the Number One Spot for a Second Weekend in a Row xe2 x80 x94,pos,0
137,149,149,2/22/2016 17:53,b RT The dialogue in this movie was just like mine when I played with action figures as a kid,pos,0
30,42,42,2/22/2016 22:36,b RT The different between vs these other movies is that was more difficult to create,pos,0
51,63,63,2/22/2016 21:07,b RT The PG version of,pos,0
529,541,541,2/22/2016 2:37,b RT The was so amazingly awesome It held true to the comics mostly and Ryan Reynolds played DP right xe2 x80 xa6,pos,0
458,470,470,2/22/2016 4:22,b RT There s sixteen kilograms of cocaine hidden somewhere in the house along with the cure for blindness Good luck xf0 x9f x98 x82 xf0 x9f x98 x82 xf0 x9f x98 x82 xe2 x80 xa6,pos,0
579,591,591,2/22/2016 0:09,b RT This week we talk about the future of R rated movies and retirement from the ring xe2 x80 xa6,pos,0
147,159,159,2/22/2016 17:34,b RT wasn t as bad as but after seeing I would agree with this,pos,0
416,428,428,2/22/2016 7:35,b RT wasn t censored or cut so why enforce rules for concert in for people who aren t even go xe2 x80 xa6,pos,0
257,269,269,2/22/2016 14:51,b RT Watch Can Deadpool s success be copied Panel Talk,pos,0
260,272,272,2/22/2016 14:45,b RT Watch Can Deadpool s success be copied Panel Talk,pos,0
282,294,294,2/22/2016 14:10,b RT Watch Junkie XL Talks Making The Soundtrack,pos,0
280,292,292,2/22/2016 14:11,b RT Watch VFX Reel,pos,0
261,273,273,2/22/2016 14:45,b RT Watching Deadpool xf0 x9f x91 x8d xf0 x9f x98 x8e xf0 x9f x98 x81,pos,0
216,228,228,2/22/2016 16:07,b RT Well I just figured out that few minutes were missing from the and few of the best parts xf0 x9f x98 x81,pos,0
13,25,25,2/22/2016 23:12,b RT what an awesome funny clever twist on a super hero loved the film yesterday must watch guys,pos,0
281,293,293,2/22/2016 14:11,b RT What s my name xf0 x9f x98 x82,pos,0
446,458,458,2/22/2016 5:05,b RT When we say To read comics or books if they are the films,pos,0
62,74,74,2/22/2016 20:31,b RT with the DAB before Deadpool,pos,0
322,334,334,2/22/2016 13:10,b RT Wow It s,pos,0
247,259,259,2/22/2016 15:06,b RT Writers Don t Want A Bigger Budget For The Sequel,pos,0
143,155,155,2/22/2016 17:37,b RT Writers Reveal They Write Even More Cameos For Zombieland,pos,0
173,185,185,2/22/2016 17:05,b RT Writers Reveal They Write Even More Cameos For Zombieland,pos,0
145,157,157,2/22/2016 17:35,b RT Writers Say Zombieland Sequel Still In The Works,pos,0
411,423,423,2/22/2016 7:44,b RT xe3 x80 xb0rlly want to watch DeadPool but cnt xf0 x9f x98 xad xf0 x9f x98 xb3 xf0 x9f x98 x90 xf0 x9f x94 x9e xf0 x9f x98 x85 xf0 x9f x92 x80 xf0 x9f x92 xa9L,pos,0
63,75,75,2/22/2016 20:29,b RT You know what humor reminds me of SpaceBalls and I F in LOVE SpaceBalls,pos,0
82,94,94,2/22/2016 19:49,b Snow spoilers,pos,9
21,33,33,2/22/2016 23:04,b Snow The movie s probably gonna make a lot of money,pos,5
125,137,137,2/22/2016 18:37,b So I ve seen 3 times Its just as funny as it was the first time Definitely one of the best comic movies,pos,1
518,530,530,2/22/2016 3:42,b So n n5 out of 5 chimichangas n nNow hit the sappy 70s music n n,pos,8
292,304,304,2/22/2016 14:05,b Streaming later but first a date with deadpool,pos,1
291,303,303,2/22/2016 14:07,b Takes the Number One Spot for a Second Weekend in a Row xe2 x80 x94,pos,5
29,41,41,2/22/2016 22:44,b The came today This is the stuff we to fans xf0 x9f x98 x9b,pos,6
246,258,258,2/22/2016 15:09,b The dialogue in this movie was just like mine when I played with action figures as a kid,pos,1
50,62,62,2/22/2016 21:07,b The different between vs these other movies is that was more difficult to create,pos,2
462,474,474,2/22/2016 4:20,b There s sixteen kilograms of cocaine hidden somewhere in the house along with the cure for blindness Good luck xf0 x9f x98 x82 xf0 x9f x98 x82 xf0 x9f x98 x82,pos,3
58,70,70,2/22/2016 20:40,b W how you know that she s here nW because i m constantly stalking her fucks n,pos,0
243,255,255,2/22/2016 15:15,b w stunt doubles AngelDust amp Negasonic,pos,8
17,29,29,2/22/2016 23:05,b was too sick xf0 x9f x98 x82 xf0 x9f x92 xaa xf0 x9f x8f xbb,pos,1
242,254,254,2/22/2016 15:16,b wasn t as bad as but after seeing I would agree with this,pos,0
283,295,295,2/22/2016 14:10,b Watch Can Deadpool s success be copied Panel Talk,pos,1
288,300,300,2/22/2016 14:09,b Watch VFX Reel,pos,6
269,281,281,2/22/2016 14:39,b Watching Deadpool xf0 x9f x91 x8d xf0 x9f x98 x8e xf0 x9f x98 x81,pos,10
217,229,229,2/22/2016 16:07,b Well I just figured out that few minutes were missing from the and few of the best parts xf0 x9f x98 x81,pos,1
447,459,459,2/22/2016 4:58,b When we say To read comics or books if they are the films,pos,1
289,301,301,2/22/2016 14:08,b Writers Don t Want A Bigger Budget For The Sequel,pos,2
174,186,186,2/22/2016 17:05,b Writers Reveal They Write Even More Cameos For Zombieland,pos,7
169,181,181,2/22/2016 17:07,b Writers Say Zombieland Sequel Still In The Works,pos,8
293,305,305,2/22/2016 14:03,b Wrote a love letter to Take a minute to read this,pos,1
64,76,76,2/22/2016 20:28,b You know what humor reminds me of SpaceBalls and I F in LOVE SpaceBalls,pos,4
